{
  "results": [
    {
      "command": "python3 jiopc_agent.py --config jiopc-agent.yaml",
      "mean": 126.20966893449335,
      "stddev": 4.869378046175763,
      "median": 124.19906863796001,
      "user": 9.365361586666667,
      "system": 6.365583166666666,
      "min": 122.57789920196001,
      "max": 138.48346064496,
      "times": [
        122.64760450196,
        123.27579550996,
        125.18980041496,
        124.32651223696,
        130.36824872396,
        123.80712824596,
        123.15716056396,
        123.21361908196,
        123.90391301296,
        124.83035997596001,
        131.27319490096,
        123.63205646196,
        123.71951551196,
        123.25681576996,
        135.90950069096002,
        122.68612843796001,
        129.75595364596,
        124.25976026996,
        136.71504291496,
        137.36294402796,
        123.23757924596,
        124.72463941096001,
        124.82208319996,
        138.48346064496,
        124.13837700596001,
        124.74620975896,
        122.57789920196001,
        124.47344969196,
        122.64703060696,
        123.14828436596001
      ],
      "exit_codes": [
        1,
        1,
        1,
        1,
        1,
        1,
        1,
        1,
        1,
        1,
        1,
        1,
        1,
        1,
        1,
        1,
        1,
        1,
        1,
        1,
        1,
        1,
        1,
        1,
        1,
        1,
        1,
        1,
        1,
        1
      ]
    }
  ]
}
